0,count
Keep My Coo,193
<3x girl - Devstacks Remix,60
<3x girl,60
no keys,54
Theme Song,54
geek,53
Find Me On Mars,30
deep pockets,30
*OTP*,30
Best of Me,30
5unna,30
BeBe (feat. LC Levi),30
Whole Thang,30
Birds of a Feather C1s1 225,30
get going,30
Bout 2 Break,30
Patrick Swayze,29
Not Alone,29
Signed 2 The Dark,29
dashstar* - VIP,29
Partners in Crime,29
Maybach,29
Commit to You,29
Dark Trap 2k20,29
C.R.E.a.M.,29
Time To Live,29
Weak Hoes,29
Tell Em,29
Say So,29
"Little Soldier Boy, Leaves from the Vine",27
skipping tiles,25
Warren Sapp,25
Leaves from the Vine,25
2chainz,25
Givenchy,25
Lil' Bro Keep A Stick,25
BEVERLY HILLS HEARTACHE,25
ETERNAL FLOW,25
imy2,25
